{"cameraMode":{"drawMode":0,"name":"Shaded","section":"Shading Mode"},"sceneLighting":true,"audioPlay":false,"sceneViewState":{"showFog":true,"showMaterialUpdate":false,"showSkybox":false,"showFlares":true,"showImageEffects":true,"showParticleSystems":true},"in2DMode":false,"pivot":{"x":-56.32037353515625,"y":33.913055419921878,"z":150.2906494140625},"rotation":{"x":0.1723812073469162,"y":0.038087762892246249,"z":-0.006652649026364088,"w":0.9842767119407654},"size":399.377685546875,"orthographic":false}