{"cameraMode":{"drawMode":0,"name":"Shaded","section":"Shading Mode"},"sceneLighting":true,"audioPlay":false,"sceneViewState":{"showFog":true,"showMaterialUpdate":false,"showSkybox":false,"showFlares":true,"showImageEffects":true,"showParticleSystems":true},"in2DMode":false,"pivot":{"x":-269.7708740234375,"y":39.857261657714847,"z":-13.997879028320313},"rotation":{"x":-0.5874594449996948,"y":-0.002422242658212781,"z":0.0017582514556124807,"w":-0.809276282787323},"size":8.66025447845459,"orthographic":false}