{"cameraMode":{"drawMode":0,"name":"Shaded","section":"Shading Mode"},"sceneLighting":false,"audioPlay":false,"sceneViewState":{"showFog":true,"showMaterialUpdate":false,"showSkybox":false,"showFlares":true,"showImageEffects":true,"showParticleSystems":true},"in2DMode":false,"pivot":{"x":-1178.788330078125,"y":51.597469329833987,"z":-951.316650390625},"rotation":{"x":0.7123371362686157,"y":-0.010128209367394448,"z":0.010256760753691197,"w":0.7017233371734619},"size":21.009531021118165,"orthographic":false}