{"cameraMode":{"drawMode":0,"name":"Shaded","section":"Shading Mode"},"sceneLighting":true,"audioPlay":false,"sceneViewState":{"showFog":true,"showMaterialUpdate":false,"showSkybox":false,"showFlares":true,"showImageEffects":true,"showParticleSystems":true},"in2DMode":false,"pivot":{"x":-326.82281494140627,"y":-3.9120521545410158,"z":23.457719802856447},"rotation":{"x":0.4900811016559601,"y":-0.018156658858060838,"z":0.009696418419480324,"w":0.871444821357727},"size":48.743202209472659,"orthographic":false}