{"cameraMode":{"drawMode":0,"name":"Shaded","section":"Shading Mode"},"sceneLighting":true,"audioPlay":false,"sceneViewState":{"showFog":true,"showMaterialUpdate":false,"showSkybox":false,"showFlares":true,"showImageEffects":true,"showParticleSystems":true},"in2DMode":false,"pivot":{"x":-352.38214111328127,"y":-552.4629516601563,"z":409.43719482421877},"rotation":{"x":-0.46729883551597597,"y":0.015114141628146172,"z":-0.007990509271621704,"w":-0.8839354515075684},"size":399.4794616699219,"orthographic":false}