{"cameraMode":{"drawMode":0,"name":"Shaded","section":"Shading Mode"},"sceneLighting":true,"audioPlay":false,"sceneViewState":{"showFog":true,"showMaterialUpdate":false,"showSkybox":false,"showFlares":true,"showImageEffects":true,"showParticleSystems":true},"in2DMode":false,"pivot":{"x":-336.44622802734377,"y":16.22015953063965,"z":-10.140859603881836},"rotation":{"x":-0.6789606809616089,"y":0.0072548165917396549,"z":-0.006719840224832296,"w":-0.7341474294662476},"size":37.58190155029297,"orthographic":false}