{"cameraMode":{"drawMode":0,"name":"Shaded","section":"Shading Mode"},"sceneLighting":true,"audioPlay":false,"sceneViewState":{"showFog":true,"showMaterialUpdate":false,"showSkybox":false,"showFlares":true,"showImageEffects":true,"showParticleSystems":true},"in2DMode":false,"pivot":{"x":-336.0728454589844,"y":-2.0215587615966799,"z":-6.100257396697998},"rotation":{"x":-0.6149625778198242,"y":-0.011844250373542309,"z":0.009193403646349907,"w":-0.7884488105773926},"size":54.91726303100586,"orthographic":false}