{"cameraMode":{"drawMode":0,"name":"Shaded","section":"Shading Mode"},"sceneLighting":true,"audioPlay":false,"sceneViewState":{"showFog":true,"showMaterialUpdate":false,"showSkybox":false,"showFlares":true,"showImageEffects":true,"showParticleSystems":true},"in2DMode":false,"pivot":{"x":-326.72479248046877,"y":15.174331665039063,"z":-6.9488630294799809},"rotation":{"x":0.6985716223716736,"y":0.002141366247087717,"z":-0.00209035468287766,"w":0.7155724167823792},"size":46.67670440673828,"orthographic":false}