{"cameraMode":{"drawMode":0,"name":"Shaded","section":"Shading Mode"},"sceneLighting":false,"audioPlay":false,"sceneViewState":{"showFog":true,"showMaterialUpdate":false,"showSkybox":false,"showFlares":true,"showImageEffects":true,"showParticleSystems":true},"in2DMode":false,"pivot":{"x":0.0,"y":13.362007141113282,"z":4.376995086669922},"rotation":{"x":0.5226456522941589,"y":0.00942965131253004,"z":-0.005848526954650879,"w":0.852634847164154},"size":30.151575088500978,"orthographic":false}