{"cameraMode":{"drawMode":0,"name":"Shaded","section":"Shading Mode"},"sceneLighting":true,"audioPlay":false,"sceneViewState":{"showFog":true,"showMaterialUpdate":false,"showSkybox":false,"showFlares":true,"showImageEffects":true,"showParticleSystems":true},"in2DMode":false,"pivot":{"x":-359.3926086425781,"y":-640.6204223632813,"z":216.6868438720703},"rotation":{"x":-0.5828273892402649,"y":0.033371452242136,"z":-0.023966340348124505,"w":-0.8115576505661011},"size":399.4794616699219,"orthographic":false}