{"cameraMode":{"drawMode":0,"name":"Shaded","section":"Shading Mode"},"sceneLighting":true,"audioPlay":false,"sceneViewState":{"showFog":true,"showMaterialUpdate":false,"showSkybox":false,"showFlares":true,"showImageEffects":true,"showParticleSystems":true},"in2DMode":false,"pivot":{"x":-309.5542907714844,"y":-48.01572799682617,"z":27.479331970214845},"rotation":{"x":-0.5272946953773499,"y":0.03438810631632805,"z":-0.021385934203863145,"w":-0.8487538695335388},"size":74.78268432617188,"orthographic":false}