{"cameraMode":{"drawMode":0,"name":"Shaded","section":"Shading Mode"},"sceneLighting":true,"audioPlay":false,"sceneViewState":{"showFog":true,"showMaterialUpdate":false,"showSkybox":false,"showFlares":true,"showImageEffects":true,"showParticleSystems":true},"in2DMode":false,"pivot":{"x":-344.6667175292969,"y":-707.935791015625,"z":25.7308292388916},"rotation":{"x":0.6963856816291809,"y":0.007530419155955315,"z":-0.007306461688131094,"w":0.7176288366317749},"size":399.4794616699219,"orthographic":false}