{"cameraMode":{"drawMode":0,"name":"Shaded","section":"Shading Mode"},"sceneLighting":false,"audioPlay":false,"sceneViewState":{"showFog":true,"showMaterialUpdate":false,"showSkybox":false,"showFlares":true,"showImageEffects":true,"showParticleSystems":true},"in2DMode":false,"pivot":{"x":-5.115577220916748,"y":5.875466823577881,"z":-2.67128849029541},"rotation":{"x":-0.012416006997227669,"y":-0.9597591757774353,"z":0.27745211124420168,"w":-0.043527618050575259},"size":6.123724460601807,"orthographic":false}