{"cameraMode":{"drawMode":0,"name":"Shaded","section":"Shading Mode"},"sceneLighting":true,"audioPlay":false,"sceneViewState":{"showFog":true,"showMaterialUpdate":false,"showSkybox":false,"showFlares":true,"showImageEffects":true,"showParticleSystems":true},"in2DMode":false,"pivot":{"x":-326.08203125,"y":-724.4679565429688,"z":57.272254943847659},"rotation":{"x":-0.6850985288619995,"y":0.00917530432343483,"z":-0.008630476891994477,"w":-0.728349506855011},"size":409.0791320800781,"orthographic":false}