{"cameraMode":{"drawMode":0,"name":"Shaded","section":"Shading Mode"},"sceneLighting":true,"audioPlay":false,"sceneViewState":{"showFog":true,"showMaterialUpdate":false,"showSkybox":false,"showFlares":true,"showImageEffects":true,"showParticleSystems":true},"in2DMode":false,"pivot":{"x":-335.54998779296877,"y":-0.21453857421875,"z":-52.496063232421878},"rotation":{"x":0.6041243076324463,"y":-0.07288600504398346,"z":0.055642709136009219,"w":0.7916022539138794},"size":399.377685546875,"orthographic":false}