{"cameraMode":{"drawMode":0,"name":"Shaded","section":"Shading Mode"},"sceneLighting":false,"audioPlay":false,"sceneViewState":{"showFog":true,"showMaterialUpdate":false,"showSkybox":false,"showFlares":true,"showImageEffects":true,"showParticleSystems":true},"in2DMode":false,"pivot":{"x":-30.6842098236084,"y":-0.47651100158691409,"z":-44.1698112487793},"rotation":{"x":-0.02093438245356083,"y":0.9433190822601318,"z":-0.3256409466266632,"w":-0.06064816936850548},"size":4.857082366943359,"orthographic":false}