{"cameraMode":{"drawMode":0,"name":"Shaded","section":"Shading Mode"},"sceneLighting":false,"audioPlay":false,"sceneViewState":{"showFog":true,"showMaterialUpdate":false,"showSkybox":false,"showFlares":true,"showImageEffects":true,"showParticleSystems":true},"in2DMode":false,"pivot":{"x":-27.705167770385743,"y":4.437247276306152,"z":-41.11873245239258},"rotation":{"x":0.32669731974601748,"y":-0.6490334272384644,"z":0.3638061583042145,"w":0.582827091217041},"size":2.2888736724853517,"orthographic":false}