{"cameraMode":{"drawMode":0,"name":"Shaded","section":"Shading Mode"},"sceneLighting":false,"audioPlay":false,"sceneViewState":{"showFog":true,"showMaterialUpdate":false,"showSkybox":false,"showFlares":true,"showImageEffects":true,"showParticleSystems":true},"in2DMode":false,"pivot":{"x":-30.776256561279298,"y":-0.6611472964286804,"z":-41.4323616027832},"rotation":{"x":-0.07586174458265305,"y":0.765812873840332,"z":-0.0918496698141098,"w":-0.6320061087608337},"size":4.857986927032471,"orthographic":false}