{"cameraMode":{"drawMode":0,"name":"Shaded","section":"Shading Mode"},"sceneLighting":true,"audioPlay":false,"sceneViewState":{"showFog":true,"showMaterialUpdate":false,"showSkybox":false,"showFlares":true,"showImageEffects":true,"showParticleSystems":true},"in2DMode":false,"pivot":{"x":-397.64691162109377,"y":-639.1192626953125,"z":273.16259765625},"rotation":{"x":-0.5325181484222412,"y":0.06490176171064377,"z":-0.04098092392086983,"w":-0.8429890275001526},"size":399.4794616699219,"orthographic":false}