{"cameraMode":{"drawMode":0,"name":"Shaded","section":"Shading Mode"},"sceneLighting":false,"audioPlay":false,"sceneViewState":{"showFog":true,"showMaterialUpdate":false,"showSkybox":false,"showFlares":true,"showImageEffects":true,"showParticleSystems":true},"in2DMode":false,"pivot":{"x":10.049808502197266,"y":5.233373641967773,"z":14.870928764343262},"rotation":{"x":-0.0279694814234972,"y":0.3082696199417114,"z":-0.00905682798475027,"w":-0.9508669972419739},"size":8.958236694335938,"orthographic":false}