{"cameraMode":{"drawMode":0,"name":"Shaded","section":"Shading Mode"},"sceneLighting":true,"audioPlay":false,"sceneViewState":{"showFog":true,"showMaterialUpdate":false,"showSkybox":false,"showFlares":true,"showImageEffects":true,"showParticleSystems":true},"in2DMode":false,"pivot":{"x":-330.3462829589844,"y":-626.2968139648438,"z":233.9884490966797},"rotation":{"x":-0.5838041305541992,"y":0.0048805102705955509,"z":-0.0035012084990739824,"w":-0.8118999600410461},"size":399.4794616699219,"orthographic":false}