{"cameraMode":{"drawMode":0,"name":"Shaded","section":"Shading Mode"},"sceneLighting":false,"audioPlay":false,"sceneViewState":{"showFog":true,"showMaterialUpdate":false,"showSkybox":false,"showFlares":true,"showImageEffects":true,"showParticleSystems":true},"in2DMode":false,"pivot":{"x":-31.532440185546876,"y":8.181856155395508,"z":-47.60725402832031},"rotation":{"x":-0.2779093086719513,"y":0.18894478678703309,"z":-0.05583016946911812,"w":-0.9402012825012207},"size":2.3423070907592775,"orthographic":false}