{"cameraMode":{"drawMode":0,"name":"Shaded","section":"Shading Mode"},"sceneLighting":false,"audioPlay":false,"sceneViewState":{"showFog":true,"showMaterialUpdate":false,"showSkybox":false,"showFlares":true,"showImageEffects":true,"showParticleSystems":true},"in2DMode":false,"pivot":{"x":-24.225963592529298,"y":7.748170852661133,"z":-43.04368209838867},"rotation":{"x":0.1556532084941864,"y":-0.7739735245704651,"z":0.20871363580226899,"w":0.5772171020507813},"size":4.857986927032471,"orthographic":true}