{"cameraMode":{"drawMode":0,"name":"Shaded","section":"Shading Mode"},"sceneLighting":false,"audioPlay":false,"sceneViewState":{"showFog":true,"showMaterialUpdate":false,"showSkybox":false,"showFlares":true,"showImageEffects":true,"showParticleSystems":true},"in2DMode":false,"pivot":{"x":1.6074514389038087,"y":17.641782760620118,"z":18.255544662475587},"rotation":{"x":-0.014608109369874,"y":0.8762895464897156,"z":-0.4808838963508606,"w":-0.026530195027589799},"size":0.8660256862640381,"orthographic":false}