{"cameraMode":{"drawMode":0,"name":"Shaded","section":"Shading Mode"},"sceneLighting":true,"audioPlay":false,"sceneViewState":{"showFog":true,"showMaterialUpdate":false,"showSkybox":false,"showFlares":true,"showImageEffects":true,"showParticleSystems":true},"in2DMode":false,"pivot":{"x":-336.5790710449219,"y":-47.33934783935547,"z":41.153289794921878},"rotation":{"x":-0.5110601782798767,"y":-0.002592000411823392,"z":0.0014982476131990553,"w":-0.8595720529556274},"size":81.81312561035156,"orthographic":false}